{"manifestVersion":"1.1","info":{"id":"SpecFlow.VisualStudio.2022.3c1441cb-29e4-49a6-b430-c98205b95236,version=2022.1.91.26832","manifestType":"Extension"},"packages":[{"id":"Component.SpecFlow.VisualStudio.2022.3c1441cb-29e4-49a6-b430-c98205b95236","version":"2022.1.91.26832","type":"Component","extension":true,"dependencies":{"SpecFlow.VisualStudio.2022.3c1441cb-29e4-49a6-b430-c98205b95236":"2022.1.91.26832","Microsoft.VisualStudio.Component.CoreEditor":"17.0"},"localizedResources":[{"language":"en-US","title":"SpecFlow for Visual Studio 2022","description":"Visual Studio extension for working with SpecFlow projects and Gherkin feature files."}]},{"id":"SpecFlow.VisualStudio.2022.3c1441cb-29e4-49a6-b430-c98205b95236","version":"2022.1.91.26832","type":"Vsix","payloads":[{"fileName":"SpecFlow.VisualStudio.Package.vsix","size":9572344}],"vsixId":"SpecFlow.VisualStudio.2022.3c1441cb-29e4-49a6-b430-c98205b95236","extensionDir":"[installdir]\\Common7\\IDE\\Extensions\\yubegga5.ffg","installSizes":{"targetDrive":26931631}}]}